loss,accuracy,precision,recall,auc,val_loss,val_accuracy,val_precision,val_recall,val_auc
6.290133476257324,0.009960000403225422,0.0258620698004961,5.999999848427251e-05,0.4970737397670746,4.613725662231445,0.009100000374019146,0.0,0.0,0.4981817901134491
4.615365028381348,0.008849999867379665,0.0,0.0,0.4968980550765991,4.611886024475098,0.010400000028312206,0.0,0.0,0.49838384985923767
4.614879131317139,0.010850000195205212,0.0,0.0,0.4967505633831024,4.612997531890869,0.00989999994635582,0.0,0.0,0.4991413950920105
4.615095138549805,0.009224999696016312,0.0,0.0,0.49566590785980225,4.614047050476074,0.010499999858438969,0.0,0.0,0.49964648485183716
4.615115642547607,0.008750000037252903,0.0,0.0,0.4969653785228729,4.61389684677124,0.010400000028312206,0.0,0.0,0.4978787899017334
4.614810466766357,0.009449999779462814,0.0,0.0,0.4971998333930969,4.615437030792236,0.010400000028312206,0.0,0.0,0.4956566095352173
4.615384578704834,0.009975000284612179,0.0,0.0,0.49585992097854614,4.613527297973633,0.00989999994635582,0.0,0.0,0.4976767897605896
