loss,accuracy,precision,recall,auc,val_loss,val_accuracy,val_precision,val_recall,val_auc
1.3179339170455933,0.5944200158119202,0.8171707391738892,0.4290800094604492,0.9746178984642029,1.9767580032348633,0.4869000017642975,0.7144019603729248,0.35120001435279846,0.9446942806243896
1.2874706983566284,0.6287750005722046,0.8330586552619934,0.4675750136375427,0.9818679690361023,1.9804638624191284,0.4869999885559082,0.7067506313323975,0.35910001397132874,0.9432864189147949
1.258358359336853,0.6363999843597412,0.8361847400665283,0.48019999265670776,0.9822570085525513,1.9900853633880615,0.48559999465942383,0.7023554444313049,0.36079999804496765,0.9421797394752502
1.2419873476028442,0.6382250189781189,0.836203932762146,0.4855000078678131,0.9833824038505554,1.9884402751922607,0.4878999888896942,0.7028019428253174,0.3637000024318695,0.942058265209198
1.2338021993637085,0.6428250074386597,0.8349205255508423,0.4909749925136566,0.9827572703361511,1.9851988554000854,0.48750001192092896,0.7006711363792419,0.3653999865055084,0.9418594241142273
1.2111480236053467,0.6488500237464905,0.8372719883918762,0.4968999922275543,0.9839501976966858,1.9942409992218018,0.4885999858379364,0.6967570781707764,0.36739999055862427,0.9408562779426575
