loss,accuracy,precision,recall,auc,val_loss,val_accuracy,val_precision,val_recall,val_auc
4.488510608673096,0.03125,0.6040268540382385,0.013500000350177288,0.6057043671607971,4.305909156799316,0.03310000151395798,0.9679487347602844,0.01510000042617321,0.655918538570404
4.521084308624268,0.026125000789761543,0.8121387362480164,0.014050000347197056,0.5569383502006531,4.564521312713623,0.026399999856948853,0.9450549483299255,0.01720000058412552,0.5199399590492249
4.584056854248047,0.019825000315904617,0.9312638640403748,0.010499999858438969,0.5094907879829407,4.541827201843262,0.025599999353289604,0.9539473652839661,0.014499999582767487,0.5167644619941711
4.587768077850342,0.022299999371170998,0.9028037190437317,0.012075000442564487,0.5127202868461609,4.558773994445801,0.021900000050663948,0.9912280440330505,0.011300000362098217,0.5129168033599854
4.586567401885986,0.019950000569224358,0.9539473652839661,0.010874999687075615,0.51053786277771,4.5601654052734375,0.019999999552965164,0.9909909963607788,0.010999999940395355,0.5104065537452698
4.586025714874268,0.022724999114871025,0.9427549242973328,0.013175000436604023,0.5133901834487915,4.626112461090088,0.022700000554323196,0.9586206674575806,0.013899999670684338,0.5155443549156189
