loss,accuracy,precision,recall,auc,val_loss,val_accuracy,val_precision,val_recall,val_auc
2.570417881011963,0.355679988861084,0.6582542657852173,0.20814000070095062,0.9267160892486572,2.2747039794921875,0.4214000105857849,0.687110185623169,0.26440000534057617,0.9315643906593323
1.6694296598434448,0.5259249806404114,0.7539843916893005,0.3713749945163727,0.9666143655776978,2.3190934658050537,0.4343000054359436,0.6537525057792664,0.322299987077713,0.9244381189346313
1.4615639448165894,0.583899974822998,0.775951087474823,0.4507499933242798,0.9722650647163391,2.320139169692993,0.450300008058548,0.6474684476852417,0.3440000116825104,0.9201489090919495
1.348677635192871,0.6112499833106995,0.7907635569572449,0.49527499079704285,0.9748972654342651,2.4136438369750977,0.44429999589920044,0.6439461708068848,0.35899999737739563,0.9161965250968933
1.2717649936676025,0.635574996471405,0.8012945055961609,0.5261499881744385,0.9766359329223633,2.4673545360565186,0.4593999981880188,0.6371814012527466,0.3824999928474426,0.9121633768081665
1.2133251428604126,0.6526749730110168,0.812085747718811,0.5513250231742859,0.9774643778800964,2.6121129989624023,0.45829999446868896,0.6258437633514404,0.38940000534057617,0.9044356346130371
