loss,accuracy,precision,recall,auc,val_loss,val_accuracy,val_precision,val_recall,val_auc
1.5499049425125122,0.5436999797821045,0.7899960875511169,0.3629400134086609,0.9692051410675049,1.962876558303833,0.4848000109195709,0.7471448183059692,0.32710000872612,0.948027491569519
1.5194514989852905,0.5680999755859375,0.8071774840354919,0.38292500376701355,0.9761086106300354,1.9623404741287231,0.4855000078678131,0.7410734295845032,0.33000001311302185,0.9475609064102173
1.498962640762329,0.5740749835968018,0.8051881194114685,0.3910999894142151,0.9765804409980774,1.9623265266418457,0.48399999737739563,0.7386489510536194,0.3334999978542328,0.9470621943473816
1.4883610010147095,0.5752500295639038,0.8079835176467896,0.39217498898506165,0.9769763946533203,1.9612048864364624,0.48660001158714294,0.7371315360069275,0.335099995136261,0.946914553642273
1.4696568250656128,0.5805749893188477,0.8110545873641968,0.40242499113082886,0.9767760634422302,1.9626165628433228,0.484499990940094,0.7372677326202393,0.33730000257492065,0.9459735155105591
1.460012435913086,0.5814999938011169,0.8113113045692444,0.4041750133037567,0.9778327345848083,1.9631876945495605,0.48739999532699585,0.7330335974693298,0.3424000144004822,0.9457682967185974
1.4601192474365234,0.5798249840736389,0.8093570470809937,0.40437498688697815,0.9774886965751648,1.9640779495239258,0.487199991941452,0.7326626777648926,0.3422999978065491,0.9458217620849609
1.4532171487808228,0.5830249786376953,0.8150510787963867,0.4088500142097473,0.9775072336196899,1.9623870849609375,0.4869000017642975,0.7319477200508118,0.3416000008583069,0.9457012414932251
1.4436496496200562,0.5840250253677368,0.8115677833557129,0.4121749997138977,0.9777373671531677,1.964585304260254,0.48669999837875366,0.7310978174209595,0.3422999978065491,0.9450322985649109
