loss,accuracy,precision,recall,auc,val_loss,val_accuracy,val_precision,val_recall,val_auc
4.7276411056518555,0.008899999782443047,0.0,0.0,0.4943254590034485,4.613925933837891,0.011300000362098217,0.0,0.0,0.4977777600288391
4.615146636962891,0.008724999614059925,0.0,0.0,0.4958881735801697,4.612260341644287,0.008799999952316284,0.0,0.0,0.4991414248943329
4.615823268890381,0.009674999862909317,0.0,0.0,0.49443498253822327,4.616822719573975,0.010400000028312206,0.0,0.0,0.4934343695640564
4.622646808624268,0.009349999949336052,0.0,0.0,0.494880348443985,4.614486217498779,0.00989999994635582,0.0,0.0,0.4953535199165344
4.6155242919921875,0.008999999612569809,0.0,0.0,0.4955328702926636,4.613611698150635,0.009600000455975533,0.0,0.0,0.4948990046977997
4.61505126953125,0.009399999864399433,0.0,0.0,0.49557799100875854,4.616443157196045,0.008799999952316284,0.0,0.0,0.4949495196342468
4.615272045135498,0.009325000457465649,0.0,0.0,0.49728691577911377,4.614322185516357,0.008999999612569809,0.0,0.0,0.49505048990249634
