loss,accuracy,precision,recall,auc,val_loss,val_accuracy,val_precision,val_recall,val_auc
4.608763217926025,0.008960000239312649,0.0,0.0,0.4951656758785248,4.607235431671143,0.008799999952316284,0.0,0.0,0.49358585476875305
4.60668420791626,0.00930000003427267,0.0,0.0,0.49306413531303406,4.60700798034668,0.008200000040233135,0.0,0.0,0.4890909194946289
4.607329368591309,0.009425000287592411,0.0,0.0,0.4934670329093933,4.606925010681152,0.008999999612569809,0.0,0.0,0.4860111176967621
4.606487274169922,0.008899999782443047,0.0,0.0,0.4944191873073578,4.606906414031982,0.00930000003427267,0.0,0.0,0.48726966977119446
4.606513500213623,0.008949999697506428,0.0,0.0,0.4933081269264221,4.60713005065918,0.009200000204145908,0.0,0.0,0.48601365089416504
4.606492042541504,0.009325000457465649,0.0,0.0,0.4951716661453247,4.607075214385986,0.008200000040233135,0.0,0.0,0.4867156744003296
4.606477737426758,0.008949999697506428,0.0,0.0,0.49470654129981995,4.607001304626465,0.00930000003427267,0.0,0.0,0.48752880096435547
4.606484889984131,0.0085249999538064,0.0,0.0,0.49501311779022217,4.607024192810059,0.00860000029206276,0.0,0.0,0.4860050678253174
4.606547832489014,0.009224999696016312,0.0,0.0,0.49346765875816345,4.606917858123779,0.008200000040233135,0.0,0.0,0.4862706959247589
