loss,accuracy,precision,recall,auc,val_loss,val_accuracy,val_precision,val_recall,val_auc
2.382772922515869,0.39052000641822815,0.6736376285552979,0.24352000653743744,0.9329450726509094,2.2486631870269775,0.42489999532699585,0.6696510314941406,0.29170000553131104,0.9310811161994934
1.6808648109436035,0.5264999866485596,0.7566604614257812,0.3770250082015991,0.9654669761657715,2.2565224170684814,0.4336000084877014,0.6651670932769775,0.31049999594688416,0.9301175475120544
1.5008467435836792,0.5750250220298767,0.7770329713821411,0.44337499141693115,0.9710187911987305,2.3187687397003174,0.4512999951839447,0.6398104429244995,0.35100001096725464,0.9221627116203308
1.3770272731781006,0.6049749851226807,0.789114236831665,0.48532500863075256,0.9745498895645142,2.3951849937438965,0.444599986076355,0.6274093985557556,0.3547999858856201,0.9174632430076599
1.303450584411621,0.6262000203132629,0.7946878671646118,0.512374997138977,0.9757941365242004,2.4108405113220215,0.45840001106262207,0.6297177672386169,0.37040001153945923,0.9140092134475708
1.237070918083191,0.6449249982833862,0.8050171732902527,0.5399249792098999,0.9773657321929932,2.507220983505249,0.46209999918937683,0.6145569682121277,0.38839998841285706,0.9065792560577393
