loss,accuracy,precision,recall,auc,val_loss,val_accuracy,val_precision,val_recall,val_auc
1.8572263717651367,0.5077400207519531,0.7317401766777039,0.390720009803772,0.9554620385169983,1.7956353425979614,0.5260999798774719,0.7195830345153809,0.421099990606308,0.949333131313324
1.147037148475647,0.6567749977111816,0.8030484914779663,0.5518749952316284,0.9810243248939514,2.0562925338745117,0.5281999707221985,0.6672004461288452,0.45829999446868896,0.929157018661499
1.0578285455703735,0.6848750114440918,0.8164982795715332,0.5918999910354614,0.9819571375846863,1.8912616968154907,0.5566999912261963,0.7103315591812134,0.4799000024795532,0.9399014115333557
0.9994075894355774,0.7011749744415283,0.823499858379364,0.6148250102996826,0.9833428859710693,1.9843878746032715,0.552299976348877,0.6879242062568665,0.48649999499320984,0.9343025088310242
0.9680684804916382,0.7123749852180481,0.8294652700424194,0.6290249824523926,0.9840446710586548,2.046682357788086,0.5551000237464905,0.677209198474884,0.49889999628067017,0.9313510656356812
0.9436732530593872,0.720924973487854,0.8348438143730164,0.6402000188827515,0.9834456443786621,1.9898267984390259,0.5504999756813049,0.698915421962738,0.48330000042915344,0.9348164200782776
