loss,accuracy,precision,recall,auc,val_loss,val_accuracy,val_precision,val_recall,val_auc
4.609147071838379,0.009200000204145908,0.0,0.0,0.4968593716621399,4.606977939605713,0.010099999606609344,0.0,0.0,0.4927777647972107
4.6066718101501465,0.009349999949336052,0.0,0.0,0.49299442768096924,4.60687780380249,0.008200000040233135,0.0,0.0,0.4889898896217346
4.606549263000488,0.009150000289082527,0.0,0.0,0.49428486824035645,4.606704235076904,0.008200000040233135,0.0,0.0,0.4881312847137451
4.606502056121826,0.008999999612569809,0.0,0.0,0.4946216940879822,4.606779098510742,0.008200000040233135,0.0,0.0,0.48742425441741943
4.606515407562256,0.009475000202655792,0.0,0.0,0.4939550459384918,4.606883525848389,0.008799999952316284,0.0,0.0,0.486313134431839
4.606482028961182,0.009025000035762787,0.0,0.0,0.49456560611724854,4.606994152069092,0.008200000040233135,0.0,0.0,0.4879293143749237
4.606475353240967,0.008899999782443047,0.0,0.0,0.4945151209831238,4.606712341308594,0.008200000040233135,0.0,0.0,0.486868679523468
4.606512546539307,0.008925000205636024,0.0,0.0,0.4928162097930908,4.606943130493164,0.009100000374019146,0.0,0.0,0.4871716797351837
