loss,accuracy,precision,recall,auc,val_loss,val_accuracy,val_precision,val_recall,val_auc
4.608290672302246,0.009639999829232693,0.0,0.0,0.496174156665802,4.607016563415527,0.009200000204145908,0.0,0.0,0.4922221899032593
4.606631278991699,0.008724999614059925,0.0,0.0,0.4948383569717407,4.6068315505981445,0.008999999612569809,0.0,0.0,0.4883333444595337
4.606532096862793,0.009475000202655792,0.0,0.0,0.49319595098495483,4.606915473937988,0.008200000040233135,0.0,0.0,0.48808079957962036
4.606497764587402,0.00982499960809946,0.0,0.0,0.4948469400405884,4.606800079345703,0.009800000116229057,0.0,0.0,0.4860101342201233
4.606446266174316,0.009674999862909317,0.0,0.0,0.49510708451271057,4.607025146484375,0.008200000040233135,0.0,0.0,0.4866161346435547
4.60654354095459,0.008875000290572643,0.0,0.0,0.49446162581443787,4.607102394104004,0.008200000040233135,0.0,0.0,0.4858081042766571
4.606492519378662,0.009575000032782555,0.0,0.0,0.4943530261516571,4.60701847076416,0.008200000040233135,0.0,0.0,0.4869696795940399
4.60651969909668,0.009525000117719173,0.0,0.0,0.49407273530960083,4.60684871673584,0.008200000040233135,0.0,0.0,0.4863136410713196
4.606489658355713,0.009200000204145908,0.0,0.0,0.49409493803977966,4.606997013092041,0.008799999952316284,0.0,0.0,0.48701968789100647
