loss,accuracy,precision,recall,auc,val_loss,val_accuracy,val_precision,val_recall,val_auc
1.869631052017212,0.4917599856853485,0.7368988990783691,0.3686999976634979,0.9563754200935364,1.838090181350708,0.5060999989509583,0.7138152122497559,0.39010000228881836,0.9519204497337341
1.3049883842468262,0.6077250242233276,0.7894588708877563,0.4901750087738037,0.9784924387931824,1.9375994205474854,0.5027999877929688,0.6776551008224487,0.4172999858856201,0.9421967267990112
1.2101035118103027,0.6325749754905701,0.794195830821991,0.5227000117301941,0.9799569249153137,1.8869699239730835,0.5271000266075134,0.6932302117347717,0.439300000667572,0.9455938339233398
1.1756535768508911,0.6465749740600586,0.8012166619300842,0.5400000214576721,0.9805127382278442,1.9434443712234497,0.513700008392334,0.7063252925872803,0.4221000075340271,0.9441171884536743
1.1382217407226562,0.6549749970436096,0.8060187101364136,0.5510749816894531,0.9811693429946899,1.8938055038452148,0.5249999761581421,0.6990540027618408,0.4359999895095825,0.9456033706665039
1.1212760210037231,0.6606749892234802,0.8102491497993469,0.558525025844574,0.9814659357070923,1.9934916496276855,0.526199996471405,0.6917775869369507,0.4417000114917755,0.9383388757705688
