loss,accuracy,precision,recall,auc,val_loss,val_accuracy,val_precision,val_recall,val_auc
1.3902822732925415,0.5777400135993958,0.781485378742218,0.4440400004386902,0.9683796167373657,1.8067933320999146,0.5357999801635742,0.7210996747016907,0.43540000915527344,0.9486585259437561
1.185252070426941,0.6431750059127808,0.82537442445755,0.5111749768257141,0.9823464751243591,1.7147213220596313,0.5572999715805054,0.7253576517105103,0.46140000224113464,0.9522942900657654
1.0446850061416626,0.6812750101089478,0.8390161991119385,0.562874972820282,0.9857513308525085,1.9378468990325928,0.5404000282287598,0.6899445652961731,0.4603999853134155,0.937971830368042
0.9355843663215637,0.7141749858856201,0.8480643033981323,0.6095250248908997,0.9879297018051147,1.7865889072418213,0.5647000074386597,0.7035770416259766,0.4936999976634979,0.9431515336036682
0.8389348387718201,0.7431750297546387,0.8559997081756592,0.6471999883651733,0.9892047047615051,1.8751722574234009,0.5665000081062317,0.6917458772659302,0.5019999742507935,0.9358225464820862
0.7436834573745728,0.7683749794960022,0.8661307692527771,0.6841999888420105,0.9912471175193787,1.8512675762176514,0.572700023651123,0.6892361044883728,0.5160999894142151,0.9363440871238708
0.6816883087158203,0.7854499816894531,0.8744212985038757,0.7130249738693237,0.9924821257591248,1.8933157920837402,0.576200008392334,0.6806167364120483,0.5253000259399414,0.9347720146179199
