loss,accuracy,precision,recall,auc,val_loss,val_accuracy,val_precision,val_recall,val_auc
5.784877777099609,0.3718999922275543,0.6694259643554688,0.22157999873161316,0.9273586273193359,2.203176498413086,0.41929998993873596,0.6744414567947388,0.27469998598098755,0.9371148943901062
2.296119451522827,0.5050749778747559,0.7493423223495483,0.3560500144958496,0.9633357524871826,2.326469659805298,0.43720000982284546,0.6110914945602417,0.34599998593330383,0.9206337332725525
2.5620884895324707,0.5527250170707703,0.7720311880111694,0.4310249984264374,0.9689636826515198,2.215754985809326,0.45829999446868896,0.6473254561424255,0.3569999933242798,0.9272015690803528
2.401024103164673,0.5777999758720398,0.7836870551109314,0.46527498960494995,0.9710486531257629,2.376713752746582,0.4544000029563904,0.612194299697876,0.37049999833106995,0.915860652923584
2.9517018795013428,0.5968250036239624,0.791396975517273,0.4921500086784363,0.9735839366912842,2.3864288330078125,0.4603999853134155,0.6147382259368896,0.38040000200271606,0.9148494601249695
3.1761538982391357,0.6155999898910522,0.8006467819213867,0.5199000239372253,0.9755172729492188,2.5848193168640137,0.45559999346733093,0.5941529273986816,0.39629998803138733,0.9031855463981628
