loss,accuracy,precision,recall,auc,val_loss,val_accuracy,val_precision,val_recall,val_auc
1.8483468294143677,0.4816400110721588,0.7276027798652649,0.3206399977207184,0.9488461017608643,2.2425436973571777,0.43700000643730164,0.6784452199935913,0.30720001459121704,0.929690420627594
1.67263925075531,0.5307250022888184,0.7830629348754883,0.35600000619888306,0.9673659205436707,2.2517223358154297,0.44859999418258667,0.6864336133003235,0.32989999651908875,0.927276074886322
1.5210492610931396,0.5655249953269958,0.8012239933013916,0.40257498621940613,0.9727615118026733,2.267287492752075,0.45489999651908875,0.6678167581558228,0.3483999967575073,0.9230757355690002
1.3985449075698853,0.5981000065803528,0.8115118741989136,0.44269999861717224,0.9760076999664307,2.316232204437256,0.4496999979019165,0.6505802273750305,0.3531999886035919,0.9203827977180481
1.2780466079711914,0.6283000111579895,0.8175787925720215,0.48067501187324524,0.9796115756034851,2.293306827545166,0.4632999897003174,0.6489796042442322,0.36570000648498535,0.9199119210243225
1.18583345413208,0.6517500281333923,0.825365424156189,0.5110250115394592,0.9825266003608704,2.457226276397705,0.45260000228881836,0.6181037425994873,0.3741999864578247,0.9086765050888062
