loss,accuracy,precision,recall,auc,val_loss,val_accuracy,val_precision,val_recall,val_auc
6.110642433166504,0.011020000092685223,0.0,0.0,0.5126506090164185,4.592495441436768,0.014600000344216824,0.0,0.0,0.527382493019104
4.620865821838379,0.012775000184774399,0.0,0.0,0.5268251895904541,4.5792388916015625,0.016599999740719795,0.0,0.0,0.5391295552253723
4.734222888946533,0.011075000278651714,0.0,0.0,0.5246089100837708,4.589051723480225,0.014299999922513962,0.0,0.0,0.5329329967498779
4.600225448608398,0.011575000360608101,0.0,0.0,0.5204257965087891,4.587353706359863,0.013399999588727951,0.0,0.0,0.5335890054702759
4.599457740783691,0.012350000441074371,0.0,0.0,0.5198841691017151,4.592949390411377,0.009200000204145908,0.0,0.0,0.5251253247261047
4.600207328796387,0.010950000025331974,0.0,0.0,0.5205419063568115,4.586770057678223,0.013399999588727951,0.0,0.0,0.5340459942817688
4.6002888679504395,0.012350000441074371,0.0,0.0,0.5202972888946533,4.590512275695801,0.013799999840557575,0.0,0.0,0.5252288579940796
