loss,accuracy,precision,recall,auc,val_loss,val_accuracy,val_precision,val_recall,val_auc
4.682744026184082,0.01679999940097332,0.9464285969734192,0.0031799999997019768,0.5737427473068237,4.613218307495117,0.010400000028312206,0.0,0.0,0.5131396651268005
4.610382556915283,0.01140000019222498,0.0,0.0,0.5136114954948425,4.607731819152832,0.008799999952316284,0.0,0.0,0.4920201897621155
4.606501579284668,0.010350000113248825,0.0,0.0,0.5082603693008423,4.605179786682129,0.00860000029206276,0.0,0.0,0.4970201849937439
4.604554653167725,0.010774999856948853,0.0,0.0,0.5111851692199707,4.597358226776123,0.007899999618530273,0.0,0.0,0.5273934602737427
4.606651306152344,0.010874999687075615,0.0,0.0,0.5062175393104553,4.60911226272583,0.00860000029206276,0.0,0.0,0.493838369846344
4.606899261474609,0.00989999994635582,0.0,0.0,0.49539846181869507,4.607237339019775,0.00860000029206276,0.0,0.0,0.48722225427627563
4.606481075286865,0.009100000374019146,0.0,0.0,0.4948969781398773,4.6070051193237305,0.00860000029206276,0.0,0.0,0.48808079957962036
4.606534481048584,0.008949999697506428,0.0,0.0,0.4943055510520935,4.606916427612305,0.008799999952316284,0.0,0.0,0.4886363446712494
4.606487274169922,0.00925000011920929,0.0,0.0,0.494454562664032,4.607059001922607,0.008200000040233135,0.0,0.0,0.4868687093257904
