loss,accuracy,precision,recall,auc,val_loss,val_accuracy,val_precision,val_recall,val_auc
4.136022567749023,0.3257400095462799,0.6494043469429016,0.1853400021791458,0.9162527918815613,2.2229809761047363,0.41530001163482666,0.7013274431228638,0.25360000133514404,0.937903881072998
2.4230411052703857,0.4788999855518341,0.7361798882484436,0.32327499985694885,0.9598492980003357,2.303288698196411,0.4253999888896942,0.6538299918174744,0.310699999332428,0.9258280396461487
2.0035862922668457,0.5342000126838684,0.7584697604179382,0.398499995470047,0.9664031267166138,2.38270902633667,0.44449999928474426,0.6314451694488525,0.34779998660087585,0.9165510535240173
2.265099048614502,0.5671749711036682,0.7814448475837708,0.4481000006198883,0.9688832759857178,2.4189910888671875,0.45249998569488525,0.6336805820465088,0.36500000953674316,0.9140508770942688
2.5609753131866455,0.5845000147819519,0.7857435941696167,0.47839999198913574,0.9713272452354431,2.4965782165527344,0.45840001106262207,0.6152485013008118,0.3824999928474426,0.908607006072998
1.8910177946090698,0.5998499989509583,0.7927942276000977,0.4950999915599823,0.9716103076934814,2.532787799835205,0.4602999985218048,0.6272861957550049,0.3806999921798706,0.9075012803077698
