loss,accuracy,precision,recall,auc,val_loss,val_accuracy,val_precision,val_recall,val_auc
1.8960634469985962,0.46922001242637634,0.7156639099121094,0.30118000507354736,0.9492902159690857,2.1492884159088135,0.4487999975681305,0.6965243816375732,0.2985999882221222,0.9367529153823853
1.6937867403030396,0.5187749862670898,0.7740681171417236,0.3384999930858612,0.9679409265518188,2.1969046592712402,0.45179998874664307,0.6763374209403992,0.3287000060081482,0.9296364188194275
1.5420552492141724,0.5612249970436096,0.7925126552581787,0.3874000012874603,0.972762405872345,5.274063587188721,0.44600000977516174,0.660473644733429,0.32350000739097595,0.92115318775177
1.41533625125885,0.5896250009536743,0.8003095388412476,0.42662501335144043,0.9768612384796143,3.6739799976348877,0.4603999853134155,0.6671069860458374,0.35350000858306885,0.9218594431877136
1.3009157180786133,0.6165249943733215,0.8123481273651123,0.4680750072002411,0.9798185229301453,2.2886078357696533,0.4659999907016754,0.6690011024475098,0.3630000054836273,0.9246535897254944
1.2030763626098633,0.6436499953269958,0.8247503042221069,0.5036749839782715,0.9823765158653259,2.30041241645813,0.46470001339912415,0.6429177522659302,0.3790000081062317,0.9183082580566406
