loss,accuracy,precision,recall,auc,val_loss,val_accuracy,val_precision,val_recall,val_auc
1.5943710803985596,0.5333200097084045,0.7888008952140808,0.3406200110912323,0.9710168838500977,1.9081271886825562,0.49230000376701355,0.7545855641365051,0.32499998807907104,0.9525635242462158
1.562468409538269,0.5512999892234802,0.7967397570610046,0.3543500006198883,0.9764363765716553,1.9097894430160522,0.492900013923645,0.7503410577774048,0.33000001311302185,0.9518391489982605
1.5565580129623413,0.5535749793052673,0.7981052994728088,0.35804998874664307,0.9765136241912842,1.9093749523162842,0.4927000105381012,0.7506805658340454,0.33090001344680786,0.9521316885948181
1.5375540256500244,0.5595750212669373,0.800000011920929,0.366100013256073,0.9771896600723267,1.920508623123169,0.4925999939441681,0.7461538314819336,0.329800009727478,0.9513892531394958
1.5356736183166504,0.5566999912261963,0.7984247803688049,0.3674750030040741,0.9769683480262756,1.912245750427246,0.4950000047683716,0.7491578459739685,0.3336000144481659,0.9513697028160095
1.5153772830963135,0.5652250051498413,0.7996231317520142,0.37132498621940613,0.9778010845184326,1.910852313041687,0.49639999866485596,0.7470705509185791,0.3379000127315521,0.9515878558158875
