loss,accuracy,precision,recall,auc,val_loss,val_accuracy,val_precision,val_recall,val_auc
4.172440052032471,0.14316000044345856,0.6829639673233032,0.08073999732732773,0.8032927513122559,3.908686399459839,0.0706000030040741,0.820652186870575,0.01510000042617321,0.8009950518608093
3.967499256134033,0.06607499718666077,0.5282874703407288,0.017274999991059303,0.7939031720161438,3.6673569679260254,0.0778999999165535,0.7513513565063477,0.013899999670684338,0.8556510210037231
3.9474682807922363,0.06390000134706497,0.5462809801101685,0.01652500033378601,0.7916254997253418,3.867581367492676,0.0731000006198883,0.49504950642585754,0.019999999552965164,0.8208125829696655
4.050042629241943,0.05557499825954437,0.6227487921714783,0.01642500050365925,0.7759560346603394,3.9931182861328125,0.052799999713897705,0.4835442900657654,0.019099999219179153,0.7954313158988953
4.112695217132568,0.04982500150799751,0.676886796951294,0.014349999837577343,0.7652433514595032,4.407072067260742,0.033900000154972076,0.8834356069564819,0.014399999752640724,0.7031216025352478
4.192163467407227,0.040550000965595245,0.753125011920929,0.01205000001937151,0.7376289367675781,4.070066452026367,0.041200000792741776,0.9696969985961914,0.009600000455975533,0.7755230665206909
4.151767730712891,0.04392499849200249,0.7650130391120911,0.014650000259280205,0.7425966858863831,4.2210211753845215,0.04179999977350235,0.9520958065986633,0.01590000092983246,0.7621065974235535
