loss,accuracy,precision,recall,auc,val_loss,val_accuracy,val_precision,val_recall,val_auc
4.608654499053955,0.009879999794065952,0.0,0.0,0.4956861138343811,4.607046127319336,0.00860000029206276,0.0,0.0,0.4956565499305725
4.6066060066223145,0.008799999952316284,0.0,0.0,0.4941025376319885,4.606691360473633,0.008200000040233135,0.0,0.0,0.489393949508667
4.606506824493408,0.009200000204145908,0.0,0.0,0.4940641522407532,4.606865406036377,0.009100000374019146,0.0,0.0,0.4872726798057556
4.606517791748047,0.009274999611079693,0.0,0.0,0.4933984577655792,4.606956958770752,0.008200000040233135,0.0,0.0,0.4878282845020294
4.606453895568848,0.009325000457465649,0.0,0.0,0.49318432807922363,4.607120513916016,0.008799999952316284,0.0,0.0,0.4875757396221161
4.606490135192871,0.008299999870359898,0.0,0.0,0.4952196776866913,4.606845378875732,0.008799999952316284,0.0,0.0,0.48742422461509705
4.606499671936035,0.008849999867379665,0.0,0.0,0.49374088644981384,4.6068501472473145,0.008200000040233135,0.0,0.0,0.4875757694244385
