loss,accuracy,precision,recall,auc,val_loss,val_accuracy,val_precision,val_recall,val_auc
1.2904882431030273,0.6091600060462952,0.7825152277946472,0.48781999945640564,0.9693199396133423,1.7504874467849731,0.5591999888420105,0.7293304204940796,0.46399998664855957,0.9499174952507019
1.1138041019439697,0.6725749969482422,0.8338481187820435,0.5466499924659729,0.9828268885612488,1.7769384384155273,0.5616000294685364,0.7170565724372864,0.48429998755455017,0.9473326206207275
1.0021830797195435,0.6993250250816345,0.8461150527000427,0.5872250199317932,0.9860531091690063,1.7557390928268433,0.5722000002861023,0.7226539850234985,0.5020999908447266,0.9465488195419312
0.9087257981300354,0.7275750041007996,0.853756308555603,0.6230499744415283,0.9872211813926697,1.8565244674682617,0.564300000667572,0.701221227645874,0.49380001425743103,0.9416891932487488
0.8287996053695679,0.7515000104904175,0.8658758401870728,0.6550999879837036,0.9888853430747986,1.8543871641159058,0.5767999887466431,0.707209050655365,0.5110999941825867,0.937750518321991
0.765068769454956,0.7663000226020813,0.86726313829422,0.6809750199317932,0.9904626607894897,1.8192802667617798,0.5841000080108643,0.7032471895217896,0.5306000113487244,0.9393488764762878
