loss,accuracy,precision,recall,auc,val_loss,val_accuracy,val_precision,val_recall,val_auc
1.4334771633148193,0.5660200119018555,0.7986322641372681,0.387719988822937,0.9740310311317444,1.9098478555679321,0.4945000112056732,0.7410409450531006,0.3474000096321106,0.9492431879043579
1.4171221256256104,0.5887500047683716,0.8098452687263489,0.41087499260902405,0.9798997044563293,1.9131615161895752,0.4948999881744385,0.7343946099281311,0.350600004196167,0.94831383228302
1.3867484331130981,0.5950999855995178,0.8158937096595764,0.4222249984741211,0.9805421829223633,1.911754846572876,0.4945000112056732,0.7330288290977478,0.3531000018119812,0.9485286474227905
1.3816313743591309,0.5970249772071838,0.8136664032936096,0.4250999987125397,0.981287956237793,1.9082658290863037,0.49779999256134033,0.73270183801651,0.35580000281333923,0.9487169981002808
1.3634809255599976,0.6021249890327454,0.8132487535476685,0.4293749928474426,0.9816356301307678,1.9164302349090576,0.49470001459121704,0.7332239151000977,0.3573000133037567,0.9480376243591309
1.3501880168914795,0.6051499843597412,0.8183223009109497,0.4368000030517578,0.9819211959838867,1.9158785343170166,0.4952999949455261,0.7314739227294922,0.35929998755455017,0.9480741620063782
1.3411669731140137,0.6054499745368958,0.8221210241317749,0.43779999017715454,0.9821385741233826,1.9144837856292725,0.4970000088214874,0.7299798727035522,0.3628000020980835,0.9478707909584045
1.3231284618377686,0.6124749779701233,0.8171463012695312,0.4429750144481659,0.982353687286377,1.9127494096755981,0.49619999527931213,0.7272364497184753,0.36419999599456787,0.9476348161697388
1.3153284788131714,0.6151000261306763,0.8221129775047302,0.44725000858306885,0.9822585582733154,1.913949966430664,0.4968000054359436,0.725420355796814,0.3666999936103821,0.9477416276931763
