loss,accuracy,precision,recall,auc,val_loss,val_accuracy,val_precision,val_recall,val_auc
1.7434519529342651,0.49476000666618347,0.7176589369773865,0.34040001034736633,0.9528448581695557,2.1090152263641357,0.45339998602867126,0.708032488822937,0.31380000710487366,0.9379792809486389
1.548825740814209,0.5561000108718872,0.7839183211326599,0.3858250081539154,0.9723878502845764,2.154686212539673,0.460999995470047,0.668424129486084,0.3422999978065491,0.9327107071876526
1.394478440284729,0.5949500203132629,0.8023004531860352,0.43595001101493835,0.9776922464370728,2.122209072113037,0.46639999747276306,0.6845120787620544,0.3465000092983246,0.9328491687774658
1.2679777145385742,0.6262500286102295,0.8157204389572144,0.48205000162124634,0.9807676076889038,2.1567864418029785,0.4708000123500824,0.6598140597343445,0.36910000443458557,0.9293919801712036
1.1410692930221558,0.6631749868392944,0.82927405834198,0.5285999774932861,0.9838149547576904,2.2434017658233643,0.46299999952316284,0.6405675411224365,0.36570000648498535,0.9239034056663513
1.05215322971344,0.6832500100135803,0.8344277143478394,0.559149980545044,0.9859691858291626,2.268611192703247,0.4708999991416931,0.6346279382705688,0.3889000117778778,0.919539749622345
