loss,accuracy,precision,recall,auc,val_loss,val_accuracy,val_precision,val_recall,val_auc
1.7933906316757202,0.495959997177124,0.7316123247146606,0.34178000688552856,0.9508960247039795,2.2014269828796387,0.44279998540878296,0.6764078736305237,0.31709998846054077,0.932324230670929
1.605299949645996,0.5470499992370605,0.7876461744308472,0.38222500681877136,0.9695717692375183,2.1743485927581787,0.4555000066757202,0.6851106882095337,0.34049999713897705,0.9321936964988708
1.4552663564682007,0.5834749937057495,0.8044562339782715,0.4314500093460083,0.9749024510383606,2.214730739593506,0.4537000060081482,0.6571871042251587,0.33970001339912415,0.9282462000846863
1.3203123807907104,0.6169499754905701,0.8164226412773132,0.4725250005722046,0.9789886474609375,2.2850329875946045,0.44769999384880066,0.6461510062217712,0.3474999964237213,0.9220060706138611
1.1951097249984741,0.6499500274658203,0.8276897072792053,0.5169749855995178,0.9820674061775208,2.283999443054199,0.4634999930858612,0.6456953883171082,0.37049999833106995,0.9206075668334961
1.0930224657058716,0.6755499839782715,0.8341397047042847,0.5516999959945679,0.9846481084823608,2.3382551670074463,0.4586000144481659,0.6249364614486694,0.36890000104904175,0.9168373942375183
0.9862950444221497,0.7045249938964844,0.8433166742324829,0.5944749712944031,0.98707515001297,2.316697359085083,0.4675999879837036,0.6189084053039551,0.38100001215934753,0.9177759289741516
